,0
Non-alcoholic fatty liver disease,89412
Barth syndrome,85256
Cholesterol translocation,85256
Stabilizing cytochrome oxidase,85256
Stabilizing mitochondrial structure,85256
Apoptosis,85256
Diabetic heart disease,85256
Proton trap for oxidative phosphorylation,85256
Tangier disease,85256
Aging,85256
nutrient,49747
Energy source,36176
Cardiovascular disease,36081
Energy storage,35120
Membrane stabilizer,35120
Atherosclerosis,34994
Metabolic syndrome,30859
Thyroxine treatment,29928
Pancreatitis,29928
Fat storage,29928
inflammatory,18550
Cancer,17644
Obesity,17636
surfactant,16319
Emulsifier,16319
Nutritional supplement,12483
food additive,12475
Smooth,12474
Breast cancer,10010
Alzheimer's Disease,8669
Parkinson's disease,8606
cancer treatment,8215
Diabetes mellitus type 2,5756
Diabetes mellitus,4848
Colorectal cancer,4603
Seizure,4488
Stomach cancer,4478
Cervical cancer,4396
Ulcerative colitis,4396
anti viral,3272
Decomposition_evaluation,3013
anti inflammatory,2832
anti bacterial,2333
electroluminescent,2241
kinase inhibitor,2239
Odor_evaluation,2185
anti cancer,1782
Insulin resistance,1527
pain treatment,1396
diabetes treatment,1333
protein kinase inhibitor,1144
obesity treatment,1139
anti tumor,1124
Renal cell carcinoma,1103
Heart failure,1080
Celiac disease,1076
Inflammatory bowel disease,1075
anti microbial,1023
organic light-emitting device,977
Lipotoxicity,868
Flavoring agent,842
signalling molecule,812
alzheimer's treatment,754
anti biotic,720
liquid crystal,710
organic electroluminescent device,703
light-emitting,690
taste_evaluation,688
hcv inhibitor,637
anti hypertensive,571
fluorescent,548
inflammation treatment,544
anti oxidant,543
optoelectronic,533
Pick's disease,520
Diabetes mellitus type 1,520
anti proliferative,516
inflammatory disease treatment,494
hypertension treatment,483
anti fungal,483
protease inhibitor,482
anti cancer agent,475
fruity,475
organic light-emitting,469
anti depressant,462
tyrosine kinase inhibitor,441
anti coagulant,441
dielectric,439
electronic device,438
sweet,434
anti thrombotic,418
anti viral agent,413
jak inhibitor,410
pi3k inhibitor,397
green,380
Neurodegenerative disease,369
treatment of disorder,367
organic electroluminescence,365
phosphorescent,349
kinase modulator,346
Pharmaceutical,342
asthma treatment,341
renin inhibitor,331
luminous efficiency,330
anti allergic,325
modulate,319
wnt pathway inhibitor,317
platelet aggregation inhibitor,317
organic electroluminescent,309
pesticide,307
hiv treatment,306
autoimmune treatment,303
histone deacetylase inhibitor,298
hiv inhibitor,298
inflammatory treatment,295
btk inhibitor,285
tumor treatment,276
anti viral compound,273
alzheimer's disease treatment,271
anti diabetic,271
hepatitis c treatment,267
Waste product,259
low driving voltage,256
cardiovascular treatment,256
chemokine receptor modulator,255
factor xa inhibitor,253
anti body,252
anti psychotic,252
immunomodulator,246
phosphodiesterase inhibitor,244
photosensitive,243
sodium channel inhibitor,236
angiogenesis inhibitor,230
organic light-emitting diode,229
schizophrenia treatment,229
cardiovascular disease treatment,221
luminescent,218
hiv protease inhibitor,218
autoimmune disease treatment,217
anti arrhythmic,215
electroluminescent device,213
organic electroluminescent compound,213
floral,212
migraine treatment,211
metabolic syndrome treatment,210
pde4 inhibitor,210
egfr inhibitor,210
hcv treatment,209
hbv inhibitor,209
angiotensin ii antagonist,207
atherosclerosis treatment,206
dppiv inhibitor,204
hsp90 inhibitor,202
liquid crystal composition,201
cdk inhibitor,199
electron transport,194
hdac inhibitor,193
thrombin inhibitor,192
glaucoma treatment,192
negative dielectric anisotropy,191
thrombosis treatment,190
electrolyte,188
AIDs treatment,187
organic electronic device,187
orexin receptor antagonist,187
anti convulsant,186
mtor inhibitor,183
anti ulcer,183
positive allosteric modulator,182
prmt5 inhibitor,180
bitter,179
hiv integrase inhibitor,177
cftr modulator,177
bromodomain inhibitor,176
syk inhibitor,174
janus kinase inhibitor,172
high luminous efficiency,171
woody,171
anti tumor agent,168
anti angiogenic,166
serine protease inhibitor,166
neurodegenerative treatment,166
cysteine protease inhibitor,163
protein tyrosine kinase inhibitor,163
betasecretase inhibitor,163
ns5a inhibitor,163
herbal,162
Polymerization_evaluation,162
anti inflammatory agent,161
anti obesity,158
environmental contaminant,154
anti malarial,153
type 2 diabetes treatment,152
anti bacterial agent,152
mmp inhibitor,150
ppar agonist,150
photoresist,148
anti neoplastic,148
cetp inhibitor,146
waxy,145
parp inhibitor,145
fibrosis treatment,142
depression treatment,142
gpr40 agonist,141
neurodegenerative disease treatment,141
anti infective,141
organic electroluminescent element,139
cystic fibrosis treatment,139
Food and nutrition,137
anti bodydrug conjugate,136
fatty,136
rheumatoid arthritis treatment,135
faah inhibitor,134
hcv protease inhibitor,133
fungicide,133
kras inhibitor,132
glucocorticoid receptor modulator,132
pi3 kinase inhibitor,132
anti parasitic,131
hyperlipidemia treatment,130
tnfα inhibitor,129
factor xia inhibitor,129
anti tumour,129
muscarinic receptor antagonist,128
anti retroviral,126
beta-lactamase inhibitor,125
neurological treatment,125
erk inhibitor,125
liquid crystal compound,124
hepatitis B treatment,122
organic electroluminescent material,122
liquid crystalline,121
mcl1 inhibitor,120
ido inhibitor,120
serotonin reuptake inhibitor,119
flavor,119
heart failure treatment,116
proliferative disease treatment,115
lipoxygenase inhibitor,115
anti asthmatic,115
Drug,114
shp2 inhibitor,114
lrrk2 inhibitor,113
improved driving voltage,113
anti hiv,113
irak4 inhibitor,113
organic optoelectronic device,113
tachykinin receptor antagonist,112
mdm2 inhibitor,112
spicy,110
fresh,110
metabolic disorder treatment,110
COPD treatment,109
anti pyretic,109
odorless,108
bace inhibitor,108
akt inhibitor,108
prostate cancer treatment,107
cox2 inhibitor,106
tyk2 inhibitor,105
cancer preventive,105
nutty,105
histone demethylase inhibitor,104
metalloprotease inhibitor,104
fxr agonist,102
anti allergic agent,102
cns disorder treatment,102
chemokine receptor antagonist,101
photopolymerization,101
light emission,101
cytokine inhibitor,101
light-emitting device,101
gpr119 agonist,101
liquid crystal display device,100
pim kinase inhibitor,100
dyslipidemia treatment,100
osteoporosis treatment,99
liquid crystal display,99
ccr5 antagonist,99
parkinson's treatment,98
integrin antagonist,98
anti atherosclerotic,98
Vomiting,98
anxiety treatment,98
jak3 inhibitor,97
nampt inhibitor,97
drug metabolite,97
metabolic disease treatment,96
ra inhibitor,96
anti tumor activity,96
11βhsd1 inhibitor,95
lightening,94
anti histaminic,94
psychiatric treatment,94
mek inhibitor,93
rock inhibitor,92
epilepsy treatment,92
improved luminous efficiency,92
citrus,91
earthy,91
sulfurous,91
kras g12c inhibitor,91
Prostate cancer,90
Testicular cancer,90
rorγ modulator,90
potassium channel inhibitor,90
Nausea,89
lxr modulator,89
ns3 protease inhibitor,89
ccr2 antagonist,89
ferroelectric,88
muscarinic antagonist,88
pd1/pdl1 inhibitor,88
rho kinase inhibitor,88
anti oselective,88
hyperglycemia treatment,87
photoelectric conversion,87
sirtuin modulator,87
hypercholesterolemia treatment,87
balsam,86
s1p1 agonist,86
low voltage,85
neuropathic pain treatment,85
tnf inhibitor,85
hormone,85
matrix metalloproteinase inhibitor,84
tachykinin antagonist,84
fgfr inhibitor,84
bace1 inhibitor,83
photochromic,83
cell proliferation inhibitor,83
acat inhibitor,82
ppar modulator,82
roasted,82
cmet inhibitor,82
cgrp receptor antagonist,82
gastric acid inhibitor,81
lsd1 inhibitor,81
anti microbial agent,81
fragrance,80
phosphorescent emitter,80
oily,80
rsv inhibitor,79
jnk inhibitor,79
factor viia inhibitor,79
raf kinase inhibitor,79
leukotriene antagonist,79
gsk3 inhibitor,78
rose,78
apple,78
anti viral activity,77
integrin inhibitor,77
meaty,77
ace inhibitor,76
sting agonist,76
alk inhibitor,76
treatment of diabetes,75
glucagon antagonist,75
pde10 inhibitor,75
paf antagonist,74
bet inhibitor,74
anti biotic resistance,74
hepatitis b treatment,74
cb2 agonist,73
type ii diabetes treatment,72
vasopressin antagonist,72
plasma kallikrein inhibitor,72
anti spasmodic,72
anti platelet,72
androgen receptor modulator,72
autotaxin inhibitor,72
aurora kinase inhibitor,71
anti fouling,71
electron-transporting,71
mglur5 modulator,71
arrhythmia treatment,71
Air pollutant,71
crth2 antagonist,71
Depression,70
protein kinase c inhibitor,70
breast cancer treatment,70
metalloproteinase inhibitor,70
p38 kinase inhibitor,69
sglt2 inhibitor,69
anti cancer activity,69
cell adhesion inhibitor,69
pineapple,69
pdk1 inhibitor,69
anti epileptic,68
lpxc inhibitor,68
p38 map kinase inhibitor,68
proliferative disorder treatment,68
potassium channel modulator,67
magl inhibitor,67
cyclindependent kinase inhibitor,67
EC 1.1.1.21 (aldehyde reductase) inhibitor,67
glucagon receptor antagonist,67
p2x3 antagonist,67
tropical,67
fluorescent dye,67
wee1 inhibitor,67
anti septic,66
flt3 inhibitor,66
aldose reductase inhibitor,66
mch antagonist,66
estrogen receptor modulator,66
sedative,66
allergic disease treatment,66
tgr5 agonist,66
tace inhibitor,66
delayed fluorescence,66
anti hypertensive agent,65
monoamine reuptake inhibitor,65
vegetable,64
5lipoxygenase inhibitor,64
human metabolite,64
anemia treatment,64
hmgcoa reductase inhibitor,64
tumour treatment,64
apj agonist,64
endothelin antagonist,64
photoinitiators,64
rna polymerase inhibitor,63
bradykinin antagonist,63
anti tumoral,63
cannabinoid receptor modulator,63
dgat1 inhibitor,63
Coma,62
11beta-hsd1 inhibitor,62
jak2 inhibitor,62
cgrp antagonist,62
hcv polymerase inhibitor,61
hdac6 inhibitor,61
creamy,61
addiction treatment,61
anti tussive,61
adenosine receptor antagonist,61
nmda receptor modulator,60
anti mutagenic,60
ret kinase inhibitor,60
fruit,60
ccr3 antagonist,59
proteasome inhibitor,59
acc inhibitor,59
metabolite,59
cb1 antagonist,59
chymase inhibitor,59
serotonin antagonist,59
anti allergy,59
anti emetic,59
anti apoptotic,59
anti histamine,58
anti protozoal,58
p2x7 modulator,58
cathepsin inhibitor,58
psoriasis treatment,58
gamma secretase modulator,58
nonaqueous electrolyte,57
powdery,57
hepatoprotective,57
ion channel inhibitor,57
caramel,57
bcl2 inhibitor,57
musty,56
leukotriene inhibitor,56
oncological treatment,56
agrochemical,56
ion channel modulator,56
analgesic,55
anti body drug conjugate,55
ezh2 inhibitor,55
p2x7 antagonist,55
corrosion inhibitor,55
nmda antagonist,55
infectious disease treatment,55
hiv replication inhibitor,55
anti mitotic,55
coagulation inhibitor,55
spice,55
allergen,54
high refractive index,54
mdm2 antagonist,54
reverse transcriptase inhibitor,54
pde2 inhibitor,54
orexin receptor modulator,53
EC 3.1.1.7 (acetylcholinesterase) inhibitor,53
norepinephrine reuptake inhibitor,53
cot modulator,53
glyt1 inhibitor,52
complement factor d inhibitor,52
onion,52
protein tyrosine phosphatase inhibitor,52
Headache,52
anti coagulant agent,52
insectifuge,51
pde inhibitor,51
raf inhibitor,51
treatment of tyk2mediated disorder,51
gpr119 modulator,51
minty,51
prostaglandin inhibitor,50
hcv ns5b inhibitor,50
hyperproliferative disorder treatment,50
cathepsin s inhibitor,50
cytotoxic,50
cyclooxygenase2 inhibitor,50
vap1 inhibitor,50
phenolic,50
chemokine inhibitor,50
herbicide,50
fxa inhibitor,50
adenosine antagonist,50
cgrpantagonists,49
chk1 inhibitor,49
chemiluminescent,49
muscarinic agonist,49
caspase inhibitor,49
Cirrhosis,49
tubulin inhibitor,48
beta2 agonist,48
hyperproliferative disease treatment,48
5ht2c receptor agonist,48
mild,48
factor ixa inhibitor,48
nitric oxide synthase inhibitor,48
cell cycle inhibitor,48
honey,47
viral replication inhibitor,47
pungent,47
insecticide,47
photoacid generator,47
lpa antagonist,47
anti neoplastic agent,47
irritant,47
mmp13 inhibitor,47
crf antagonist,47
endothelial lipase inhibitor,46
berry,45
garlic,45
fgfr4 inhibitor,45
Confusion,45
pear,44
histamine receptor antagonist,44
tgfbeta inhibitor,44
glycosidase inhibitor,44
dopamine agonist,44
Personal care products,43
fasn inhibitor,43
vanilla,43
calcium channel blocker,42
serotonin agonist,42
coconut,42
Pain,42
dgat inhibitor,42
oxytocin antagonist,42
pak inhibitor,41
coffee,41
banana,41
Liver damage,41
par4 inhibitor,41
lppla2 inhibitor,40
diuretic,40
ethereal,40
hypotensive,40
Dizziness,40
glp1 receptor modulator,40
ccr1 antagonist,40
nematicide,40
calcium receptor antagonist,39
Schizophrenia,39
Jaundice,39
mps1 inhibitor,39
gpr40 modulator,39
Hypotension,38
abc transporter modulator,38
hdm2 inhibitor,38
p38 inhibitor,38
mch receptor antagonist,38
peach,38
orexin type 2 receptor agonist,38
rorc modulator,38
prolyl hydroxylase inhibitor,38
pgd2 receptor antagonist,38
gcn2 inhibitor,38
burnt,37
sulfury,37
mk2 inhibitor,37
phytoalexin,37
Nerve damage,37
dry,37
Fatigue,37
irak inhibitor,37
herb,36
neurotoxin,36
no inhibitor,36
anti radicular,35
p2y12 antagonist,35
syndrome X treatment,35
c5a receptor modulator,35
Chronic hepatitis,35
pde1 inhibitor,35
anti leukemic,35
hypocholesterolemic,35
Chronic diarrhea,35
acaricide,35
axl inhibitor,35
jasmin,34
Multiple sclerosis,34
camphor,34
histamine h3 receptor modulator,33
neprilysin inhibitor,33
glycogen phosphorylase inhibitor,33
pcsk9 inhibitor,33
complement pathway modulator,33
ddr1 inhibitor,32
gnrh receptor antagonist,32
Bleeding,32
Uremia,32
wood,32
apricot,31
metallic,31
almond,31
mat2a inhibitor,31
serotonin receptor modulator,31
anti aggregating,31
mushroom,30
Diarrhea,30
Renal failure,30
plant metabolite,30
warm,30
Hypertension,30
choleretic,30
chocolate,29
npy y5 antagonist,29
hpk1 antagonist,29
flower,29
central nervous system depressant,29
Weight loss,29
trka kinase inhibitor,29
EC 3.1.1.8 (cholinesterase) inhibitor,29
cooked,29
melon,29
cocoa,28
clean,28
Ovarian cancer,28
Paralysis,28
anti edemic,28
tobacco,28
Hazardous air pollutant,28
central nervous system stimulant,28
orange,27
immunological adjuvant,27
fat,27
vasodilator agent,27
cherry,27
anti staphylococcic,27
cheese,27
butter,27
myorelaxant,27
wine,26
cinnamon,26
fishy,26
anti proliferant,26
hypoglycemic agent,26
balsamic,25
anti hepatotoxic,25
Anxiety,25
candidicide,25
anti herpetic,25
strawberry,25
Tremor,25
anesthetic,25
lemon,24
Laboratory chemical,24
carcinogenic agent,24
aldehydic,24
anti HIV,24
Collapse,24
plum,23
Kidney disease,23
trpm8 antagonist,23
leaf,23
EC 3.4.15.1 (peptidyl-dipeptidase A) inhibitor,23
Muscle cramp ,23
smoky,23
Muscle weakness,23
angiotensin converting enzyme inhibitor,23
mint,23
ether,22
Blurred vision,22
hormone antagonist,22
Hypoglycemia,22
anti arthritic,22
bland,22
Agitation,22
animal,21
soapy,21
cabbage,21
pine,21
hazelnut,20
cyclooxygenase 2 inhibitor,20
medicinal,20
insulin signaling antagonist,20
nut,20
dairy,19
estrogenic,19
cucumber,19
anti tumor promoter,19
grassy,19
expectorant,19
grape,19
buttery,19
anti Alzheimeran,19
Chronic kidney disease,19
Psychosis,19
violet,19
leafy,19
EC 1.14.99.1 (prostaglandin-endoperoxide synthase) inhibitor,19
micronutrient,18
rum,18
cardiotonic,18
roast,18
laxative,18
opioid analgesic,18
apoptotic,18
sharp,18
anti peroxidant,18
EC 1.17.3.2 (xanthine oxidase) inhibitor,18
cyclooxygenase inhibitor,18
topoisomerase-II inhibitor,18
natural,18
Drowsiness,18
dopamine uptake inhibitor,18
quinone-reductase inducer,18
geranium,17
Skin irritation,17
carcinogenic,17
mutagenic,17
Abdominal pain,17
hepatotoxic agent,17
pepper,17
teratogenic agent,17
clove,17
Edema,17
persistent organic pollutant,16
Carcinogen,16
alliaceous,16
meat,16
oil,16
potato,16
chemical,16
anti acne,16
Metabotoxin,16
lavender,16
H1-receptor antagonist,16
cardioprotective,16
cyclooxygenase 1 inhibitor,15
anti melanomic,15
anti angiogenic agent,15
weedy,15
larvicide,15
raspberry,15
earth,15
anise,15
sulfur,15
hyacinth,15
toxic,14
grapefruit,14
vasoconstrictor agent,14
tea,14
solvent,14
mutagen,14
carbamate insecticide,14
adrenergic agent,14
tomato,14
anti plaque,14
Periodontal Probing Depth,14
lily,14
anxiolytic drug,14
neuroprotective agent,14
Anemia,14
nutraceutical,14
abortifacient,14
anti cariogenic,14
orris,14
hawthorn,13
plastic,13
anti psychotic agent,13
ripe,13
sour,13
Attachment loss,13
milky,13
Water pollutant,13
cosmetic,13
coumarin,13
EC 5.99.1.2 (DNA topoisomerase) inhibitor,13
peanut,13
anti dote,13
maple,13
juvabional,13
lime,13
anti fungal agent,13
jam,13
strong,12
Insectiphile,12
mycotoxin,12
cognac,12
carminative,12
Lethargy,12
anti cholinesterase,12
brown,12
trichomonicide,12
local anaesthetic,12
cholagogue,12
emetic,12
tonka,12
blackcurrant,12
anti carcinomic,12
corn,12
anti nociceptive,12
molluscicide,12
Slurred speech,12
non-narcotic analgesic,11
Chest pain,11
anti cataract,11
hypolipidemic,11
beta-adrenergic antagonist,11
allelopathic,11
anxiolytic,11
anti dermatitic,11
human xenobiotic metabolite,11
Shock,11
lipolytic,11
bread,11
Trace element,11
allelochemic,11
popcorn,11
leather,11
dermatitigenic,11
celery,11
sweetening agent,11
protisticide,11
must,11
GABA-gated chloride channel antagonist,11
bergamot,11
prostaglandin antagonist,11
jasmine,11
immunosuppressive agent,10
Vertigo,10
non-polar solvent,10
anti estrogenic,10
serotonin uptake inhibitor,10
anti parkinson drug,10
musk,10
anti bacterial drug,10
terpene,10
wax,10
anti plasmodial,10
anti complementary,10
anti flu,10
anti streptococcic,10
convulsant,10
anti aflatoxin,10
savory,10
sympathomimetic agent,10
alcohol,10
amber,10
horseradish,10
anti alcoholic,10
alcoholic,10
neroli,10
osmolyte,9
fennel,9
anti leukotriene,9
caramellic,9
alkane,9
Saccharomyces cerevisiae metabolite,9
herbaceous,9
monoamine-oxidase inhibitor,9
EC 1.14.18.1 (tyrosinase) inhibitor,9
licorice,9
raw,9
nitric-oxide inhibitor,9
toasted,9
refrigerant,9
anti fatigue,9
mu-opioid receptor agonist,9
mustard,9
Escherichia coli metabolite,9
sugar,9
cortex,9
Missing teeth,9
anti helmintic,9
anti rheumatic,9
turpentine,9
avicide,9
acidic,9
hypertensive,9
wine_like,9
anti tubercular,9
Incoordination,8
powerful,8
inhibitor,8
cyanogenic,8
anti salmonella,8
fermented,8
pyrethroid ester insecticide,8
red rose,8
lilac,8
lactonic,8
cAMP-phosphodiesterase inhibitor,8
cytochrome-P450 inhibitor,8
inhalation anaesthetic,8
anti carcinogenic,8
faint,8
GABA modulator,8
anti stress,8
brandy,8
radish,8
egg,8
Erythema,8
EC 3.4.21.26 (prolyl oligopeptidase) inhibitor,8
neurotransmitter,8
chip,8
anti anemic,8
adrenergic uptake inhibitor,8
EC 1.14.14.14 (aromatase) inhibitor,8
Cough,8
anti leishmanic,8
narcissus,8
EC 2.7.11.13 (protein kinase C) inhibitor,8
anti ischemic,8
gardenia,8
serotonergic antagonist,8
ubiquiot,8
fungistat,8
anti Parkinsonian,8
fundamental metabolite,8
vulnerary,8
anti fertility,8
motor depressant,8
cooling,8
anti osteoporotic,8
anisic,8
hay,7
camphoraceous,7
vascular endothelial growth factor receptor antagonist,7
cheesy,7
histamine antagonist,7
anti alopecic,7
cholinergic antagonist,7
walnut,7
radiopharmaceutical,7
anti Epstein-Barr virus,7
metal,7
ammoniacal,7
sunscreen,7
candy,7
anti hemolytic,7
prooxidant,7
musky,7
anti anaphylactic,7
Hepatitis,7
medical,7
hemolytic,7
anti thyroid,7
paralytic,7
bready,7
EC 2.1.1.6 (catechol O-methyltransferase) inhibitor,7
second messenger,7
beef,7
Pulmonary edema,7
anti nitrosaminic,7
hypothermic,7
P450 inhibitor,7
ornithine-decarboxylase inhibitor,7
cathartic,7
gasoline,7
phagocytotic,7
termitifuge,7
winey,7
Tachycardia,7
bone density conservation agent,7
non-steroidal anti inflammatory drug,7
Lung cancer,7
soap,7
anti arrhythmia drug,7
bacterial metabolite,7
serotonergic agonist,6
Fever,6
EC 1.3.1.22 [3-oxo-5alpha-steroid 4-dehydrogenase (NADP(+))] inhibitor,6
secretogogue,6
cotton,6
anti thromboxane,6
deep,6
sweaty,6
sweat,6
Epilepsy,6
Apnea,6
Essential vitamin,6
Disorientation,6
Eye irritation,6
chicken,6
aromatic,6
smoke,6
Chronic renal failure,6
bacon,6
Gram(+)icide,6
phytohormonal,6
Acidogen,6
buchu,6
piscicide,6
anti bronchitic,6
wintergreen,6
anti lithic,6
alpha-adrenergic antagonist,6
anti lipoperoxidant,6
anti amyloid-beta,6
anti hypercholesterolemic,6
essential amino acid,6
whiskey,6
malt,6
Aciduria,6
anti -allergic,6
NF-kappa-B inhibitor,6
peppermint,6
emmenagogue,6
anti lymphomic,6
anti dyskinesia agent,6
anti cephalagic,6
anti dementia,6
anti infective agent,6
anti coronary,6
blueberry,6
diaphoretic,6
purgative,6
butterscotch,6
anti neuropathic,6
Hemodialysis,6
Pneumonia,6
carnation,6
anti eczemic,6
anti elastase,6
hemostat,6
myostimulant,5
stimulant,5
spearmint,5
blossom,5
spasmogenic,5
hallucinogenic,5
caraway,5
grapefruit peel,5
nephrotoxic,5
anti insomniac,5
adrenergic antagonist,5
bronchodilator agent,5
soft,5
acid,5
acetylcholinesterase inhibitor,5
cinnamyl,5
bacteristat,5
anti implantation,5
hypnotic,5
juicy,5
anti dysmenorrheic,5
larvistat,5
leprostatic drug,5
anti capillary-fragility,5
anti escherichic,5
anti atherogenic,5
termiticide,5
Cachexia,5
animal metabolite,5
anti aging,5
tallow,5
baked,5
anti migraine,5
medicine,5
DNA-protective,5
5-lipoxygenase inhibitor,5
mimosa,5
anti metastatic,5
gastroprotective,5
genotoxin,5
Liver disease,5
peppery,5
rubber,5
vermifuge,5
NMDA receptor antagonist,5
phenol,5
anti premenstrual syndrome,5
Meningitis,5
Marine biotoxin,5
essential,5
cardiovascular,5
cumin,5
anti prostatitic,5
Leukemia,5
nut skin,5
anti pruritic drug,5
plasmodicide,5
embryotoxic,5
polar aprotic solvent,5
Hypothyroidism,5
anti sarcomic,5
dopaminergic agent,5
Hallucinations,5
HIV-reverse-transcriptase inhibitor,5
radical scavenger,5
deodorant,5
depressant,5
Palpitations,5
EC 3.6.3.8 (Ca(2+)-transporting ATPase) inhibitor,5
Sedation,5
vitamin,5
gastrostimulant,5
serotoninergic,5
nutmeg,5
anti sickling,5
broncho elaxant,5
galbanum,5
orchid,5
anti nematodal drug,5
sequestrant,5
TNF-alpha inhibitor,5
fungal metabolite,5
anti neuralgic,5
toxin,5
Prodrug,5
sandalwood,5
Pro-oxidant,5
flatulent,5
first generation antipsychotic,5
schistosomicide,5
utero trophic,5
uricosuric,5
parasiticide,5
utero tonic,5
cardiodepressant,5
watermelon,4
tutti frutti,4
tumor promoter,4
castoreum,4
cedar,4
vasopressor,4
valerian,4
jammy,4
central nervous system active,4
mycobactericide,4
fish,4
oxidising agent,4
oviposition stimulant,4
food propellant,4
fusel,4
gassy,4
glutathionigenic,4
goitrogenic,4
greasy,4
nematistat,4
harsh,4
hawthorne,4
naphthyl,4
heavy,4
central nervous system drug,4
heliotrope,4
multidrug resistance inhibitor,4
hepatoprotective agent,4
hepatotonic,4
mitochondrial NADH:ubiquinone reductase inhibitor,4
metal chelator,4
mandarin,4
hyaluronidase inhibitor,4
hyperglycemic agent,4
litholytic,4
iNOS inhibitor,4
lamb,4
labdanum,4
fibrinolytic,4
pediculicide,4
peripheral nervous system drug,4
petal,4
thermogenic,4
chelator,4
tachycardic,4
coagulant,4
collagen-sparing,4
collagenic,4
seedy,4
scabicide,4
cotton candy,4
cottoncandy,4
counterirritant,4
cranberry,4
rubbery,4
root,4
resin,4
cytochrome-p450 inducer,4
detoxicant,4
pyrethroid ester acaricide,4
differentiator,4
protein synthesis inhibitor,4
propecic,4
plasticiser,4
encephalopathic,4
epileptigenic,4
estery,4
phenothiazine antipsychotic drug,4
petitgrain,4
(+)-inotropic,4
ylang,4
anti Raynaud's,4
Hepatic encephalopathy,4
anti periodontal,4
anti papillomic,4
apple skin,4
beefy,4
Very long chain acyl-coa dehydrogenase deficiency,4
anti nephritic,4
anti mycotic,4
Tuberculous meningitis,4
anti menorrhagic,4
Glutaric aciduria type 2,4
anti menopausal,4
anti maculitic,4
Thyroid cancer,4
anti climacteric,4
anti lipemic drug,4
Hyperthyroidism,4
Supragingival Plaque,4
aphidifuge,4
anti integrase,4
anti inflammatory drug,4
anti infertility,4
anti hyperthyroid,4
anti hepatotic,4
anti hemorrhagic,4
Malaria,4
Medium chain acyl-coa dehydrogenase deficiency,4
anti periodontic,4
anti gingivitic,4
anti polio,4
anti cholinergic,4
anti TNF,4
anti syndrome-X,4
anti sunburn,4
anti stroke,4
Anorexia nervosa,4
androgenic,4
Breathing difficulties,4
beany,4
astringent,4
anti cellulitic,4
anti cheilitic,4
Cardiac arrest,4
anti psoriac,4
ambergris,4
anti protozoal drug,4
anti rhinoviral,4
anti gibberellin,3
anti genotoxic,3
hyperuricemic,3
hypotriglyceridemic,3
anti dandruff,3
anti eicosanoid,3
anti colitic,3
anti clastogen,3
marine metabolite,3
keratolytic,3
anti cirrhotic,3
anti allergenic,3
iodothyronine-deiodinase inhibitor,3
mango,3
anti dyskinetic,3
insulinase inhibitor,3
malty,3
anti anorectic,3
insulinogenic,3
insulinotonic,3
anti diarrheic,3
laundered cloths,3
intravenous anaesthetic,3
lipotropic,3
anti cervicaldysplasic,3
anti decubitic,3
cAMP inhibitor,3
anti glossitic,3
explosive,3
ester,3
enterorelaxant,3
anti retinopathic,3
anti rheumatic drug,3
dusty,3
anti schizophrenic,3
anti secretory,3
dirty,3
dill,3
digestive,3
anti shock,3
diabetic-macular-edema inhibitor,3
dermatologic drug,3
anti spasmodic drug,3
deiodinase inhibitor,3
cytostatic,3
cyclooxygenase activator,3
eucalyptus,3
fenugreek,3
hypercholesterolemic,3
anti peptic,3
anti gonadotropic,3
anti gout,3
honeysuckle,3
anti NF-kappa-B,3
anti leukodermic,3
guaiacwood,3
guaiacol,3
anti lipolytic,3
anti lymphocytic,3
anti metabolite,3
anti methicillin-resistant Staphylococcus aureus,3
anti monosodium-glutamate,3
fuel additive,3
anti neuritic,3
flour treatment agent,3
anti otitic,3
fir needle,3
anti ketotic,3
anaesthesia adjuvant,3
anti Lyme,3
roasted nuts,3
EC 3.1.3.16 (phosphoprotein phosphatase) inhibitor,3
secretolytic,3
EC 3.5.1.4 (amidase) inhibitor,3
EC 3.6.3.9 (Na(+)/K(+)-transporting ATPase) inhibitor,3
rummy,3
rosemary,3
Emetic agent,3
rooty,3
rodenticide,3
roastedmeat,3
roasted nut,3
anorexic,3
roasted meat,3
Euphoria,3
respirastimulant,3
GABA antagonist,3
rancid,3
pyrogenic,3
psychotropic drug,3
psychoactive,3
proteolytic,3
Hepatocellular carcinoma,3
smoked,3
EC 1.6.5.2 [NAD(P)H dehydrogenase (quinone)] inhibitor,3
EC 1.2.1.3 [aldehyde dehydrogenase (NAD(+))] inhibitor,3
EC 1.14.13.39 (nitric oxide synthase) inhibitor,3
xenobiotic,3
Adrenoleukodystrophy,3
vetiver,3
very mild,3
vermicide,3
vasorelaxant,3
varroacide,3
Aromatic l-amino acid decarboxylase deficiency,3
unripe banana,3
ulcerogenic,3
tremorigenic,3
transdermal,3
tracheorelaxant,3
Chelating agent,3
Constipation,3
taco,3
sympatholytic agent,3
DNA-binder,3
Dry mouth,3
storax,3
sprout inhibitor,3
prostaglandin-synthetase inhibitor,3
prostaglandigenic,3
ICAM-1 inhibitor,3
occuloirritant,3
acacia,3
acetic,3
acidulant,3
acrylate,3
acrylic,3
adjuvant,3
natriuretic,3
alpha-adrenergic agonist,3
alpha-reductase inhibitor,3
myocontractant,3
myocardiotonic,3
mydriatic agent,3
ammonia,3
anabolic agent,3
muscle relaxant,3
cut grass,3
mucogenic,3
androgen antagonist,3
moss,3
mosquitocide,3
mitogen,3
oakmoss,3
Tooth Decay,3
pork,3
Teratogen,3
platelet aggregation factor inhibitor,3
Insomnia,3
Irritability,3
Kwashiorkor,3
phytotoxin,3
Major depressive disorder,3
photosensitizing agent,3
pheromone,3
Neuropathy,3
peroxidase inhibitor,3
Pellagra,3
Peripheral neuropathy,3
Peroxisomal biogenesis defect,3
paper,3
Pulmonary irritation,3
Refsum's disease,3
ozone,3
oxytocic,3
Reye's syndrome,3
Sepsis,3
orange peel,3
anti thyrotoxic,3
mentholic,3
cardiac,3
cedarleaf,3
catty,3
cookedmeat,3
bell,3
chamomile,3
ascaricide,3
benzaldehyde,3
coumarinic,3
apple peel,3
cooked meat,3
applepeel,3
citrus peel,3
anti ulcerogenic,3
culicide,3
cedarwood,3
cardiotonic drug,3
anti vertigo,3
arteriodilator,3
contraceptive,3
cream,3
clover,3
beta-glucuronidase inhibitor,3
cholesterolytic,3
bean,3
artemicide,3
clam,2
saffron,2
rue,2
(-)-chronotropic,2
cardboard,2
clary,2
anti dermatic,2
sage,2
anti dysenteric,2
sandal,2
anti cytotoxic,2
seaweed,2
anti diuretic,2
sassafrass,2
lactagogue,2
sausage,2
lachrymatory,2
clastogenic,2
rubefacient,2
anti claudificant,2
chrysanthemum,2
anti anoxic,2
anti anxiety,2
lubricant,2
anti appetant,2
rhubarb,2
anti arachidonate,2
anti arteriosclerotic,2
logenberry,2
anti asthmatic drug,2
anti atherogenic agent,2
roast beef,2
anti bacillary,2
borneol,2
cicatrizant,2
lipase inhibitor,2
linalool,2
roastednut,2
Essential hypertension,2
anti carpal-tunnel,2
anti cataleptic,2
cinnamic,2
leucocytogenic,2
anti chilblain,2
circulotonic,2
EC 5.99.1.3 [DNA topoisomerase (ATP-hydrolysing)] inhibitor,2
EC 4.3.1.3 (histidine ammonia-lyase) inhibitor,2
second generation antipsychotic,2
EC 3.2.1.1 (alpha-amylase) inhibitor,2
anti dyspeptic,2
cologne,2
anti hepatitic,2
histaminic,2
aphrodisiac,2
squalene-monooxygenase inhibitor,2
anti homocystinuric,2
anti hyperglycemic,2
herbistat,2
EC 1.1.1.34/EC 1.1.1.88 (hydroxymethylglutaryl-CoA reductase) inhibitor,2
anti hyperkinetic,2
hepatotropic,2
anti hyperlipidemic,2
hepatocarcinogenic,2
collagenase inhibitor,2
anti ielus,2
Dry skin,2
Dementia,2
cantaloupe,2
anti legionella,2
synthetic auxin,2
hapten,2
ham,2
hallucinogen,2
D-2-hydroxyglutaric aciduria,2
greenhouse gas,2
anti hemorrhoidal,2
anti hangover,2
insulin-sparing,2
slightly waxy,2
insect repellent,2
respiradepressant,2
anti encephalopathic,2
anti endotoxic,2
anti enzymatic,2
anti erythemic,2
anti fibrinolytic,2
arrack,2
anti fibrotic,2
hypolipemic,2
anti gastritic,2
anti giardial,2
honeydew,2
sodium channel blocker,2
coenzyme,2
cofactor,2
anti glucuronidase,2
anti gonadotrophic,2
sortase-A inhibitor,2
apoptosis inducer,2
capillariprotective,2
capillarigenic,2
anti halitosic,2
spermicide,2
Febrile seizures,2
GABA agonist,2
respira inhibitor,2
phototoxic,2
orange flower,2
orange blossom,2
Myocardial infarction,2
Traumatic brain injury,2
Multiple system atrophy,2
Vitamin b12 deficiency,2
Methylenetetrahydrofolate reductase deficiency,2
cereal,2
acantholytic,2
Mastocytosis,2
black currant,2
acetophenone,2
black tea,2
alkylating agent,2
phytogenic insecticide,2
nitric-oxide-genic,2
nitric-oxide scavenger,2
cerebrotoxic,2
nicotinic agonist,2
new mown hay,2
neurotropic,2
pine needle,2
JNK inhibitor,2
addictive,2
cat,2
nephrotoxin,2
Olivopontocerebral atrophy,2
perfume,2
Osteoporosis,2
Smith-lemli-opitz syndrome,2
parasympatholytic,2
parsley,2
passion fruit,2
paramecicide,2
Primary biliary cirrhosis,2
Prosthesis/Missing teeth,2
papaya,2
patchouli,2
Pregnancy,2
painty,2
RNA component,2
RNA-genic,2
Respiratory arrest,2
biomarker,2
pea,2
Penicillium metabolite,2
peanut butter,2
overripe fruit,2
peanutbutter,2
Rhinitis,2
Paraquat poisoning,2
pemphigenic,2
Septic shock,2
peony,2
Short chain acyl-coa dehydrogenase deficiency,2
nephroprotective agent,2
allspice,2
resinous,2
anti Meniere's,2
Homocystinuria,2
Hereditary spastic paraplegia,2
anthelminthic drug,2
carrot,2
anti -histamine,2
anti 5-hydroxytryptamine,2
provitamin,2
provitamin A,2
prune,2
pulifuge,2
pulmonotoxic,2
anti Crohn's,2
mesquite,2
Ileostomy,2
Growth hormone deficiency,2
menthol,2
memranolytic,2
pyridine,2
melon rind,2
Gastritis,2
bois de rose,2
matrix-metalloproteinase-9 inhibitor,2
broth,2
Friedreich's ataxia,2
cholinergic,2
cholinergic agonist,2
mite growth regulator,2
mitogen-activated protein kinase inhibitor,2
anorectic,2
Hydrocephalus,2
nasturtium,2
nasal decongestant,2
alpha-amylase inhibitor,2
ambrette,2
barley,2
barbituate-synergist,2
amebicide,2
IKK inhibitor,2
amine,2
banana peel,2
cassia,2
amphiphile,2
musculotropic,2
Hypobetalipoproteinemia,2
privet,2
muguet,2
mu-opioid receptor antagonist,2
androgen,2
avifuge,2
proliferant,2
mossy,2
Hyperglycemia,2
mosquitofuge,2
monoamine-oxidase-A inhibitor,2
Hyper beta-alaninemia,2
green bean,2
anti emphysemic,2
Prepartum depression,2
Cerebral edema,2
fried,2
anti neuroblastomic,2
tonic,2
calcium channel agonist,2
verbena,2
topoisomerase inhibitor,2
Angina,2
anti nitrosating,2
anti rheumatitic,2
food acidity regulator,2
foliage,2
anti sclerodermic,2
dust,2
anti uremic,2
anti onychyotic,2
anti ophidic,2
cool,2
fumigant,2
fumigant insecticide,2
fungal,2
gastrointestinal drug,2
thyme,2
vitamin-A activity,2
anti myalgic,2
anti tubercular agent,2
cGMP-phosphodiesterase inhibitor,2
thyrotropic,2
tissue thromboplastin inhibitor,2
anti sinusitic,2
anti myocarditic,2
vinous,2
Cholestasis,2
vinegar,2
anti ulcer drug,2
anti shigellic,2
anti rhinitic,2
anti osteoarthritic,2
voltage-gated sodium channel blocker,2
epitope,2
anti peristaltic,2
anti proteolytic,2
anti photophobic,2
anti pneumonic,2
enzyme inhibitor,2
epinephrininergic,2
excitatory amino acid antagonist,2
uremic toxin,2
anti rheumatalgic,2
B vitamin,2
anti prostat adenomic,2
erythrocytolytic,2
anti vaccinia,2
anti prolactin,2
estrogen agonist,2
estrogen receptor agonist,2
tuberose,2
febrifuge,2
fecal,2
Astringent,2
flatugenic,2
cananga,2
camphoreous,2
anti radiation,2
trichuricide,2
fir,2
triglycerolytic,2
tropica,2
anti psoriatic,2
Arthritis,2
anti pellagric,2
fetotoxic,2
truffle,2
anti viral drug,2
trypanocide,2
volatile oil component,2
very faint,2
anti stomatitic,2
wasabi,2
delicate,2
tart,2
Congested lungs,2
ginger,2
Congestive heart failure,2
anti manic drug,2
grain,2
anti lupus,2
tangerine,2
anti manic,2
watery,2
anti yeast,2
11beta-hydroxysteroid-dehydrogenase inhibitor,2
Convulsion,2
anti melanogenic,2
water-soluble vitamin,2
anti mite,2
anti topoisomerase-II,2
Abetalipoproteinemia,2
wet,2
yeast,2
grass,2
candidistat,2
xenoestrogen,2
thiamin,2
2-hydroxyglutaric aciduria,2
xenobiotic metabolite,2
dark,2
glutathionalytic,2
anti tachycardic,2
cytoprotective,2
defoliant,2
wine-lee,1
Phototoxin,1
Photophobia,1
Aspergillus metabolite,1
3-methyl-crotonyl-glycinuria,1
Pheochromocytoma,1
valeric,1
Hyperlysinemia,1
uteroactive,1
21-hydroxylase deficiency,1
prolactinogenic,1
Hyperoxalemia,1
petroleum,1
bilirubinolytic,1
caspase-9 inhibitor,1
Anuria,1
Hypothermia,1
Hypophosphatemia,1
Apathy,1
Hypocalcemia,1
calcium ionophore,1
prebiotic,1
wet cloth,1
progestin,1
burnt sugar,1
wetcloth,1
probiotic,1
Hyperdibasic aminoaciduria i,1
progesteronigenic,1
vanillin,1
3-methylglutaconic aciduria,1
probiotigenic,1
17beta-hydroxysteroid-dehydrogenase inhibitor,1
Hyperargininemia,1
pruritogenic,1
boiled beef,1
cashew,1
protic solvent,1
pastry,1
11-beta-hydroxylase deficiency,1
cGMP inhibitor,1
urate-solvent,1
unripe plum,1
Hartnup disease,1
Athyreosis,1
Hair loss,1
carotogenesis inhibitor,1
psychotomimetic,1
boiled meat,1
pulmonoprotective,1
pumpkin,1
HIV protease inhibitor,1
HDL-genic,1
Hepatotoxin,1
urinary antiseptic,1
propionic,1
prostaglandin sparer,1
Porphyria,1
caspase-3 inhibitor,1
Porphyria cutanea tarda,1
Atherogen,1
Hyperactivity,1
utero relaxant,1
Anthelmintic,1
prostaglandin secretor,1
prostaglandin-E2 inhibitor,1
Homozygous sickle cell disease,1
caspase-3 inducer,1
Hydrogen sulfide poisoning,1
prostatitigenic,1
urine deodorant,1
Hsp90 inhibitor,1
urine acidifier,1
12-lipoxygenase inhibitor,1
protective agent,1
I-kappa-B-alpha-phosphorylation inhibitor,1
vasoprotective,1
IKB-kinase inhibitor,1
Aldehyde dehydrogenase deficiency,1
vinyl,1
bitteralmond,1
phytoestrogen,1
peroxynitrite scavenger,1
peroxisome proliferator activated receptor gamma antagonist,1
bitter almond,1
peristaltic,1
MRI contrast agent,1
vibriocide,1
phytohormone,1
blackberry,1
buttered,1
Lesch-nyhan syndrome,1
vesicant,1
LDL lytic,1
watercress,1
peptone,1
very sweet,1
catecholaminogenic,1
photosystem-II inhibitor,1
Aids,1
very slight,1
viristat,1
NADH-ubiquinone-oxidoreductase inhibitor,1
Acute myelogenous leukemia,1
Narcotic,1
Nephrotic syndrome,1
Multi-infarct dementia,1
pheromonal,1
cayloxol,1
Acidosis,1
Mucopolysaccharidosis iva,1
Motor neuron disease,1
Mitochondrial toxin,1
Methylmalonic acidemia,1
photoactive,1
photocarcinogenic,1
Neuroblastoma,1
vitamin K antagonist,1
Methanol poisoning,1
Menkes disease,1
cauliflower,1
Kidney transplantation,1
Kidney cancer,1
vasomotor stimulant,1
peely,1
plum skin,1
pear skin,1
poison,1
ATP synthase inhibitor,1
weak spice,1
burntsugar,1
Idiopathic oro-facial pain,1
polar solvent,1
polyamine synthesis inhibitor,1
weakspice,1
8-hydroxyeicosatetraenoic-acid inhibitor,1
Idiopathic intracranial hypertension,1
NADPH-oxidase inhibitor,1
calcium channel modulator,1
cassis,1
biscuit,1
peach-pit,1
5-hydroxyeicosatetraenoic-acid inhibitor,1
Anoxia,1
PPAR modulator,1
ATPase inhibitor,1
cake,1
vegetable skin,1
pistachio,1
pituitary sensitizer,1
Osteotoxin,1
plant,1
unripe fruit,1
plant growth regulator,1
plant growth retardant,1
cataractagenic,1
Intraventricular hemorrhage,1
Amphetamine psychosis,1
Infantile refsum's disease,1
Oxidizing agent,1
Impaired glucose tolerance,1
bloody,1
Immunotoxin,1
venotonic,1
venom,1
pleasant,1
ATPase stimulant,1
H2-receptor antagonist,1
taenicide,1
calcium-sparing,1
EC 1.3.99.29 [phytoene desaturase (zeta-carotene-forming)] inhibitor,1
skunky,1
slightly rose,1
thyrostimulant,1
EC 1.8.1.12 (trypanothione-disulfide reductase) inhibitor,1
bronchospasmolytic,1
thyroid-peroxidase inhibitor,1
bronchostimulant,1
EC 1.6.3.1. [NAD(P)H oxidase (H2O2-forming)] inhibitor,1
thymoprotective,1
EC 1.4.3.4 (monoamine oxidase) inhibitor,1
thymol,1
thuja,1
EC 1.9.3.1 (cytochrome c oxidase) inhibitor,1
sodium channel modulator,1
EC 1.3.3.4 (protoporphyrinogen oxidase) inhibitor,1
soil,1
EC 1.2.3.1 (aldehyde oxidase) inhibitor,1
soporific,1
Cobalamin malabsorption,1
Colitis,1
thiamine,1
soupy,1
soy,1
Congenital adrenal hyperplasia,1
skunk,1
EC 2.3.1.21 (carnitine O-palmitoyltransferase) inhibitor,1
unpleasant,1
EC 3.1.3.41 (4-nitrophenylphosphatase) inhibitor,1
sensual,1
EC 3.4.19.3 (pyroglutamyl-peptidase I) inhibitor,1
toluene,1
tolu,1
EC 3.2.1.18 (exo-alpha-sialidase) inhibitor,1
toffee,1
"EC 3.2.1.114 (mannosyl-oligosaccharide 1,3-1,6-alpha-mannosidase) inhibitor",1
Premenstrual dysphoric disorder,1
tocolytic agent,1
serotonergic drug,1
EC 3.1.4.12 (sphingomyelin phosphodiesterase) inhibitor,1
bronchosedative,1
sick,1
EC 3.1.1.4 (phospholipase A2) inhibitor,1
EC 2.7.7.7 (DNA-directed DNA polymerase) inhibitor,1
EC 2.7.7.6 (RNA polymerase) inhibitor,1
brothy,1
EC 2.7.7.49 (RNA-directed DNA polymerase) inhibitor,1
EC 2.5.1.1 (dimethylallyltranstransferase) inhibitor,1
Cns infection,1
shellfish,1
EC 2.3.3.1 [citrate (Si)-synthase] inhibitor,1
Cns tumor,1
shrimp,1
spasmolytic,1
EC 1.13.11.34 (arachidonate 5-lipoxygenase) inhibitor,1
spermigenic,1
DOPA-decarboxylase inhibitor,1
sulfide,1
sulfite ester acaricide,1
Dystonia,1
cantaloupe rind,1
Dihydropyrimidine dehydrogenase deficiency,1
suppurative,1
Dermal fibroproliferative disorder,1
tartlime,1
Dehydration,1
Degenerative disc disease,1
sweet corn,1
tart lime,1
EC 1.13.11.27 (4-hydroxyphenylpyruvate dioxygenase) inhibitor,1
broom,1
DNA-active,1
DNA synthesis inhibitor,1
synergist,1
synthetic oral contraceptive,1
tarragon,1
syrup,1
tangy,1
Cytotoxin,1
Cystathioninuria,1
Crigler-najjar syndrome type i,1
EC 1.1.1.1 (alcohol dehydrogenase) inhibitor,1
sudorific,1
sucrase promoter,1
succinoxidase inhibitor,1
EC 1.11.1.6 (catalase) inhibitor,1
tetrazine acaricide,1
testosterone inducer,1
testosterogenic,1
spinoconvulsant,1
spiroketalamine fungicide,1
capillarifortificant,1
terpineol,1
terpentine,1
terpenic,1
stem,1
Continuous ambulatory peritoneal dialysis,1
sternutatory,1
teratologic,1
EC 1.1.1.25 (shikimate dehydrogenase) inhibitor,1
Coronary artery disease,1
capers,1
Coronary heart disease,1
straw,1
EC 1.1.1.205 (IMP dehydrogenase) inhibitor,1
Cresol poisoning ibs,1
EC 1.1.1.189 (prostaglandin-E2 9-reductase) inhibitor,1
styrax,1
EC 3.4.24.* (metalloendopeptidase) inhibitor,1
EC 3.4.24.18 (meprin A) inhibitor,1
secretomotor,1
tubulin modulator,1
Bipolar disorder,1
turnup,1
respiraparalytic,1
cardiotoxic agent,1
respirostimulant,1
respirotoxic,1
Folate deficiency,1
retinoprotectant,1
Bitter,1
Bloating,1
Blood disorders,1
Fanconi syndrome,1
bufocide,1
Fainting,1
Brain tumor,1
ricotta,1
Facial edema,1
trypsin enhancer,1
FPTase inhibitor,1
trypanosomastat,1
FEMA,1
trypanocidal drug,1
roastbeef,1
cardiosedative,1
Biliary atresia,1
Crohn's disease,1
reseda,1
renoirritant,1
undergrowth,1
uncoupling agent,1
boiled shrimp,1
burnt almonds,1
quince,1
Gout,1
quinone-reductase inhibitor,1
boiled vegetable,1
Glutaric aciduria type 1,1
Glucose intolerance,1
Gestational diabetes,1
Autism,1
Gallbladder disease,1
raisin,1
raising agent,1
boiledvegetable,1
GABAnergic agent,1
red hots,1
Bacterial meningitis,1
reducing agent,1
GABA agent,1
G-protein-coupled receptor agonist,1
Beta-thalassemia,1
cardioprotective agent,1
roasted peanuts,1
bronchoconstrictor agent,1
sawdust,1
bruchifuge,1
ryanodine receptor modulator,1
rye,1
bridged diphenyl acaricide,1
salt,1
Cardiovascular drug,1
EC 3.6.3.44 (xenobiotic-transporting ATPase) inhibitor,1
sappy,1
sarsaparilla,1
Cerebral vasospasm,1
EC 3.6.3.10 (H(+)/K(+)-exchanging ATPase) inhibitor,1
EC 3.6.3.1 (phospholipid-translocating ATPase) inhibitor,1
bouillon,1
scallion,1
EC 3.5.2.6 (beta-lactamase) inhibitor,1
Cerebrotendinous xanthomatosis,1
EC 3.5.1.98 (histone deacetylase) inhibitor,1
schizophrenigenic,1
seafood,1
tomatoleaf,1
tomato leaf,1
Chaetomium metabolite,1
broccoli,1
EC 3.4.24.83 (anthrax lethal factor endopeptidase) inhibitor,1
EC 4.2.1.3 (aconitate hydratase) inhibitor,1
bruchiphobe,1
Cardiopulmonary resuscitation,1
Cardiomyopathy,1
Bronchodilator,1
roborant,1
CETP inhibitor,1
cardioparalytic,1
romano,1
Eosinopenia,1
bread crust,1
trichomonistat,1
roquefort cheese,1
cardioactive,1
ERK2 inhibitor,1
ERK1 inhibitor,1
rose acetate,1
rose dried,1
rose flower,1
rose oxide,1
rose water,1
triazine insecticide,1
tremorogenic,1
rotting,1
trematodicide,1
Cardiac arrhythmia,1
EC 4.3.1.10 (serine-sulfate ammonia-lyase) inhibitor,1
Beta-ureidopropionase deficiency,1
cut privet,1
parmesan,1
glutathionergic,1
glycine receptor antagonist,1
anti mastitic,1
anti mastalgic,1
gout suppressant,1
anti mange,1
anti xerophthalmic,1
controlled,1
anti lipogenic,1
contraceptive drug,1
anti lipedemic,1
gravy,1
anti leukotrienogenic,1
anti leukotriene-D4,1
grilled,1
anti leukotriene-B4,1
concord grape,1
hairy,1
anti leukoplakic,1
conazole fungicide,1
anti leprotic,1
anti lepric,1
anti klebsiellic,1
aphicide,1
anti keshan,1
anti keratotic,1
anti keratitic,1
anti iritic,1
compatible osmolytes,1
anti insulinogenic,1
anti meningitic,1
glutathione-sparing,1
comedolytic,1
glutamate transporter activator,1
anti neurasthenic,1
fuel,1
cookies,1
anti nephrolytic,1
cookedvegetable,1
fungal xenobiotic metabolite,1
anti narcotic,1
anti myoatrophic,1
anti myelotoxic,1
cookedpotato,1
anti myasthenic,1
anti multidrug resistance,1
anti morphinic,1
anti morning sickness,1
anti monosodium-glutamate-sensitivity,1
gastroirritant,1
anti mitral-valve-prolapse,1
anti mitogenic,1
anti mitochondrial,1
general anaesthetic,1
genet,1
anti microbial food preservative,1
cooked vegetable,1
glaucomagenic,1
anti metaplastic,1
cooked potato,1
cooked beef juice,1
glucogonogenic,1
glucosyl-transferase inhibitor,1
anti insomnic,1
comedogenic,1
parasympathicomimetic,1
appetite depressant,1
humus,1
anti goiter,1
anti glutamaergic,1
hydrogen-peroxide inhibitor,1
hyperemic,1
anti gliomic,1
anti glaucomic,1
coccidiostat,1
hyperpyrexic,1
apple.rose,1
hyperthermic,1
hyperthyroid,1
anti gastrotic,1
hypoarginanemic,1
hypocalcemic,1
anti fumitory,1
anti foaming agent,1
anti filarial,1
hypothalmic depressant,1
hypouricemic,1
anti fibromyalgic,1
anti feedant,1
anti episiotomic,1
anti enuretic,1
incense,1
indole,1
anti enterotic,1
anti enterococcic,1
anti endometriotic,1
hummus,1
anti granular,1
heather,1
hotmilk,1
anti infarctal,1
heliotropin,1
hematopoietic,1
heme-sparing,1
hemoglobin inducer,1
anti ichythyotic,1
anti hypoxic,1
anti hypotensive,1
anti hypogonadic,1
anti hypoglycemic,1
hepatomegalic,1
anti hyperventilation,1
anti hyperparathyroidic,1
anti hyperleptinemic,1
anti hyperkeratotic,1
anti hyperinsulinemic,1
anti hyperactivity,1
anti histoplasmotic,1
histidine-kinase inhibitor,1
anti hepatomic,1
anti hepatoadenomic,1
anti hemophilic,1
anti helicobacter,1
anti heartburn,1
apifuge,1
hop_oil,1
anti grey,1
anti granulocytopenic,1
hot milk,1
fresh air,1
fragrant,1
anti neurotic,1
anti spermatogenic,1
dermal,1
crushedbug,1
desmutagenic,1
anti sindhis,1
anti silicotic,1
anti sialogogue,1
crushed bug,1
diagnostic agent,1
anti serotoninic,1
diffusive,1
cross-linking reagent,1
dinitrophenol insecticide,1
cresol,1
disinfectant,1
diterpene,1
anti serotonin,1
anti serotonic,1
anti urease,1
dopamine-adenylate-cyclase inhibitor,1
anti scotomic,1
anti scoliotic,1
dried fruit,1
crab,1
ectoparasiticide,1
anti urethrotic,1
anti retinotic,1
anti uricosuric,1
anti retinitic,1
electron acceptor,1
anti spasmophilic,1
anti spina-bifida,1
foxy,1
dentifrice,1
cyclamen,1
cyclin-B1 inhibitor,1
cyclin-D1 inhibitor,1
curare,1
anti thyreotropic,1
cuminseed,1
anti thrombophlebitic,1
anti thrombic,1
anti thiamin,1
anti tetanic,1
cytochrome-CYP1A1 inhibitor,1
anti testicular,1
cytochrome-P450-1A inducer,1
cytochrome-P450-2B inducer,1
cytochrome-P450-2E1 inhibitor,1
cytochrome-p488 inducer,1
anti trichinosic,1
cultured dairy,1
anti substance-P,1
damascone,1
dank,1
cucumber skin,1
decalcifier,1
decarboxylase inhibitor,1
dehydrogenase inhibitor,1
cucumber seed,1
anti staph,1
delta-opioid receptor antagonist,1
delta9-desaturase inhibitor,1
anti respirotic,1
anti reproductive,1
anti purpuric,1
anti pulmonotic,1
anti periodontitic,1
fatty acid synthesis inhibitor,1
feline attractant,1
fenchyl,1
corticosterogenic,1
fern,1
anti vitiligic,1
anti wart,1
anti panniculopathic,1
anti ozenic,1
filbert,1
fine,1
coriander,1
anti oxaluric,1
anti oxalate,1
anti ototic,1
flame retardant,1
flat,1
copper chelator,1
anti osteotic,1
flavouring agent,1
fleshy,1
anti wrinkle,1
anti ophthalmic,1
anti nyctalopic,1
food humectant,1
food packaging gas,1
anti nicotinic,1
fossil fuel,1
anti peroxidative,1
anti perspirant,1
anti pertussic,1
anti promoter,1
emollient,1
endorphinogenic,1
anti pseudomonic,1
anti urinary-tract-infection,1
enterocontractant,1
enteromotility enhancer,1
anti uveitic,1
enterotoxic,1
environmental food contaminant,1
anti proteinigenic,1
anti prostate-specific-antigen,1
ergosterol biosynthesis inhibitor,1
anti prostaglandin-E2,1
estrogen receptor beta binder,1
anti phenylketonuric,1
anti proctalgic,1
anti porphyric,1
ethanolytic,1
anti polyp,1
anti poliomyelitic,1
ethyl benzoate,1
anti vaginitic,1
eugeroic,1
anti varicose,1
costus,1
extremely sweet,1
anti platelet aggregation factor,1
anti pityriasic,1
anti endoccytotic,1
insect attractant,1
anti elleptic,1
amnesigenic,1
mycoplasmicide,1
bark,1
basil,1
myrcene,1
myrrh,1
naphthalic,1
bay oil,1
almondshell,1
almond shell,1
nemativoistat,1
neoplastic,1
alcohol dehydrogenase inhibitor,1
agonist,1
aedifuge,1
beef gravey,1
adenylate-cyclase inhibitor,1
anti torticollic,1
neurogenic,1
neuromuscular agent,1
neuromyostimulant,1
neuroparalytic,1
adaptogenic,1
activator-protein-1 inhibitor,1
actin polymerisation inhibitor,1
beef juice,1
neurotransmitter agent,1
neutral-endopeptidase inhibitor,1
nicotinic,1
nicotinic antagonist,1
amide fungicide,1
amphetaminagenic,1
chitinolytic,1
amphiestrogenic,1
aniseed,1
animal growth promotant,1
molasses,1
mold,1
moldy,1
anhydrotic,1
monoamine precursor,1
angiotensin receptor blocker,1
angiotensin receptor antagonist,1
monoamine-oxidase-B inhibitor,1
monoaminergic,1
moscato,1
auxin,1
chicken coop,1
angelica,1
motor stimulant,1
mouse metabolite,1
mousy,1
cherry-pit,1
azalea,1
mucokinetic,1
mucolytic,1
ancylostomicide,1
analeptic,1
anaesthetic,1
bactericide,1
bacteriophagicide,1
bacteriostatic,1
amphiprotic solvent,1
nitric oxide donor,1
acorn,1
nitrile,1
acnegenic,1
Supradiaphragmatic malignancy,1
Sudden death,1
Stroke,1
Spinal stenosis,1
Spinal disc herniation,1
Skin burns,1
Short bowel syndrome,1
benzyl acetate,1
Schistosomiasis,1
Salla disease,1
Saccharopinuria,1
osteoblastogenic,1
outdoor,1
Rhabdomyolysis,1
oxidase inhibitor,1
oxidative phosphorylation inhibitor,1
benzyl propionate,1
Reverse transcriptase inhibitor,1
Respiratory irritation,1
Renal toxin,1
beta inhibitor,1
Refractory localization-related epilepsy,1
RNA inhibitor,1
paint,1
Proteinuria,1
palmarosa,1
pancreatoxic,1
bifidogenic,1
Preterm birth,1
Supragingival Calculus,1
benzophenone,1
TNF inhibitor,1
oak,1
cerebrotonic,1
acetylcholinergic,1
acetyl-CoA-carboxylase inhibitor,1
acetone,1
acetoin,1
nootropic agent,1
cerebrodepressant,1
acarifuge,1
Xanthinuria,1
Vitiligo,1
central nervous system sedative,1
VAM stimulant,1
VAM simulant,1
central nervous system paralytic,1
Tachypnea,1
UV-screen,1
central nervous system inhibitor,1
odontolytic,1
Tyrosinemia i,1
beer,1
old paper,1
Transcobalamin ii deficiency,1
beet,1
ophthalmic antialkali,1
Tinnitus,1
opioid receptor agonist,1
cellulose synthesis inhibitor,1
orangepeel,1
ankylostomacide,1
chitosanolytic,1
anti ecchymotic,1
anti colic,1
lactone,1
citronella,1
lard,1
citric,1
circulatory stimulant,1
laundry,1
anti cholesterogenic,1
anti cholesteremic drug,1
anti choleretic,1
anti cholecystosic,1
leaves,1
leek,1
lemon peel,1
lemon rind,1
anti cheilotic,1
asprin,1
cinnamate,1
anti caries,1
anti cardiospasmic,1
anti calculic,1
anti bronchoconstrictor,1
anti bradykinic,1
linden,1
lipase inducer,1
anti bradycardic,1
anti bradyarrhythmic,1
anti bradiquinic,1
anti beriberi,1
anti backache,1
anti coccidioid,1
citronellol,1
ant repellent,1
kiwi,1
insulinic,1
clean cloth,1
anti dysphagic,1
intensely,1
interferon-synergist,1
interferonogenic,1
interleukin-6 inhibitor,1
intoxicant,1
aryl-hydrocarbon-hydroxylase inhibitor,1
ion transport inhibitor,1
ionone,1
ionophore,1
anti dote to paracetamol poisoning,1
iris,1
anti discotic,1
anti dipsomanic,1
anti diarrhoeal drug,1
anti dermatophytic,1
anti deliriant,1
civet,1
anti cystitic,1
anti constrictive,1
kappa-opioid receptor agonist,1
keratitigenic,1
arylamine-N-acetyltransferase inhibitor,1
ketone,1
ketonic,1
anti complement,1
anti collagenic,1
anti autistic,1
lithogenic,1
anti asphyctic,1
low,1
anti TGF-beta,1
autonomic nervous system paralytic,1
mellow,1
anti NKC,1
membranolytic,1
memory enhancer,1
buttermilk,1
autonomic nervous system stimulant,1
autotoxic,1
anti HIV-integrase,1
anti CVS,1
anti CVI,1
anti CFS,1
anti C-reactive-protein,1
metastatic,1
methionine aminopeptidase 2 inhibitor,1
methyl-guanidine inhibitor,1
anti Addisonian,1
anti AIDS,1
microtubule-destabilising agent,1
microtubule-stabilising agent,1
microvasculokinetic,1
mignonette,1
mild cooling,1
mildew,1
milk,1
antagonist,1
mineral-corticoid,1
antacid,1
anti TMJ,1
ataxigenic,1
anti acrocyanotic,1
anti amblyopic,1
anti arrythmic,1
anti arabiflavinotic,1
anti apneic,1
anti aphthic,1
lyase inhibitor,1
mTOR inhibitor,1
macronutrient,1
anti amnesic,1
mahogany,1
anti amebic,1
maltase-promoter,1
ataractic,1
mammalian metabolite,1
maple syrup,1
meatbroth,1
marigold,1
marine,1
mastogenic,1
anti alkalotic,1
matches,1
anti akathisic,1
anti adhesive,1
anti adenoviral,1
anti adenomic,1
anti adenoma carcinogenic,1
anti acromegalic,1
anti acrodynic,1
meat broth,1
neuroexcitant,1
